Process Name,PID,%CPU,%MEM
codium,129642,49.9,1.9963110199911613
codium,129642,49.9,1.9963110199911613
codium,129642,49.9,1.9963110199911613
codium,129642,49.9,1.9963110199911613
codium,129642,49.9,1.9963110199911613
codium,129642,49.9,1.9963110199911613
codium,129642,49.9,1.9963110199911613
codium,129642,49.9,1.9963110199911613
codium,129642,49.9,1.9963110199911613
codium,129642,49.9,1.9963110199911613
codium,129642,49.9,1.9963110199911613
codium,129642,49.9,1.9963110199911613
codium,129642,49.9,1.9963110199911613
brave,139380,28.6,1.7700312697158167
brave,139380,28.6,1.7700312697158167
brave,139380,28.6,1.7700312697158167
brave,139380,28.6,1.7700312697158167
brave,139380,28.6,1.7700312697158167
brave,139380,28.6,1.7700312697158167
brave,139380,28.6,1.7700312697158167
brave,139380,28.6,1.7700312697158167
brave,139380,28.6,1.7700312697158167
brave,139380,28.6,1.7700312697158167
brave,139380,28.6,1.7700312697158167
brave,139380,28.6,1.7700312697158167
codium,129612,14.4,0.7926927093432179
codium,129612,14.4,0.7926927093432179
codium,129612,14.4,0.7926927093432179
codium,129612,14.4,0.7926927093432179
codium,129612,14.4,0.7926927093432179
codium,129612,14.4,0.7926927093432179
codium,129612,14.4,0.7926927093432179
codium,129612,14.4,0.7926927093432179
codium,129612,14.4,0.7926927093432179
codium,129612,14.4,0.7926927093432179
codium,129612,14.4,0.7926927093432179
codium,129612,14.4,0.7926927093432179
codium,129612,14.4,0.7926927093432179
WD-TabNine,129838,11.7,0.07758373777926947
Xorg,1049,10.2,0.9773385603725988
python,135684,8.9,0.2680366811384657
python,135684,8.9,0.2680366811384657
python,135684,8.9,0.2680366811384657
python,135684,8.9,0.2680366811384657
python,135684,8.9,0.2680366811384657
python,135684,8.9,0.2680366811384657
codium,129581,7.0,1.0930620994705704
codium,129581,7.0,1.0930620994705704
codium,129581,7.0,1.0930620994705704
codium,129581,7.0,1.0930620994705704
codium,129581,7.0,1.0930620994705704
codium,129581,7.0,1.0930620994705704
codium,129581,7.0,1.0930620994705704
codium,129581,7.0,1.0930620994705704
codium,129581,7.0,1.0930620994705704
codium,129581,7.0,1.0930620994705704
codium,129581,7.0,1.0930620994705704
codium,129581,7.0,1.0930620994705704
codium,129581,7.0,1.0930620994705704
brave,139301,4.2,1.0042086655597102
brave,139301,4.2,1.0042086655597102
brave,139301,4.2,1.0042086655597102
brave,139301,4.2,1.0042086655597102
brave,139301,4.2,1.0042086655597102
brave,139301,4.2,1.0042086655597102
brave,139301,4.2,1.0042086655597102
brave,139301,4.2,1.0042086655597102
brave,139301,4.2,1.0042086655597102
brave,139301,4.2,1.0042086655597102
brave,139301,4.2,1.0042086655597102
brave,139301,4.2,1.0042086655597102
marco,1737,1.9,0.2978103324904848
ksoftirqd/0,14,1.4,0.0
mate-panel,1748,0.9,0.5088341622383487
mate-multiload-applet,1977,0.9,0.19431613613792928
chrome,128866,0.9,0.6322594805703549
chrome,128866,0.9,0.6322594805703549
chrome,128866,0.9,0.6322594805703549
chrome,128866,0.9,0.6322594805703549
chrome,128866,0.9,0.6322594805703549
chrome,128866,0.9,0.6322594805703549
chrome,128866,0.9,0.6322594805703549
chrome,128866,0.9,0.6322594805703549
chrome,128866,0.9,0.6322594805703549
chrome,128866,0.9,0.6322594805703549
chrome,128866,0.9,0.6322594805703549
chrome,128866,0.9,0.6322594805703549
chrome,128866,0.9,0.6322594805703549
chrome,128866,0.9,0.6322594805703549
chrome,128866,0.9,0.6322594805703549
chrome,128866,0.9,0.6322594805703549
chrome,128866,0.9,0.6322594805703549
chrome,128866,0.9,0.6322594805703549
chrome,128866,0.9,0.6322594805703549
chrome,128866,0.9,0.6322594805703549
chrome,128866,0.9,0.6322594805703549
chrome,128866,0.9,0.6322594805703549
chrome,128866,0.9,0.6322594805703549
chrome,128866,0.9,0.6322594805703549
chrome,128866,0.9,0.6322594805703549
chrome,128866,0.9,0.6322594805703549
chrome,128866,0.9,0.6322594805703549
chrome,128866,0.9,0.6322594805703549
chrome,128866,0.9,0.6322594805703549
chrome,128866,0.9,0.6322594805703549
chrome,128866,0.9,0.6322594805703549
chrome,128866,0.9,0.6322594805703549
chrome,128866,0.9,0.6322594805703549
codium,129659,0.9,1.2009854340407815
codium,129659,0.9,1.2009854340407815
codium,129659,0.9,1.2009854340407815
codium,129659,0.9,1.2009854340407815
codium,129659,0.9,1.2009854340407815
codium,129659,0.9,1.2009854340407815
codium,129659,0.9,1.2009854340407815
codium,129659,0.9,1.2009854340407815
codium,129659,0.9,1.2009854340407815
codium,129659,0.9,1.2009854340407815
codium,129659,0.9,1.2009854340407815
codium,129659,0.9,1.2009854340407815
codium,129659,0.9,1.2009854340407815
codium,129707,0.9,0.5781009626977979
codium,129707,0.9,0.5781009626977979
codium,129707,0.9,0.5781009626977979
codium,129707,0.9,0.5781009626977979
codium,129707,0.9,0.5781009626977979
codium,129707,0.9,0.5781009626977979
codium,129707,0.9,0.5781009626977979
codium,129707,0.9,0.5781009626977979
codium,129707,0.9,0.5781009626977979
codium,129707,0.9,0.5781009626977979
codium,129707,0.9,0.5781009626977979
codium,129707,0.9,0.5781009626977979
codium,129707,0.9,0.5781009626977979
brave,139266,0.9,2.2384618488797727
brave,139266,0.9,2.2384618488797727
brave,139266,0.9,2.2384618488797727
brave,139266,0.9,2.2384618488797727
brave,139266,0.9,2.2384618488797727
brave,139266,0.9,2.2384618488797727
brave,139266,0.9,2.2384618488797727
brave,139266,0.9,2.2384618488797727
brave,139266,0.9,2.2384618488797727
brave,139266,0.9,2.2384618488797727
brave,139266,0.9,2.2384618488797727
brave,139266,0.9,2.2384618488797727
ksoftirqd/3,31,0.5,0.0
irq/51-DELL078C:00,183,0.5,0.0
irq/128-i2c_hid_acpi,244,0.5,0.0
systemd-journald,399,0.5,0.24192937197772832
mate-settings-daemon,1729,0.5,0.2965800163189137
at-spi2-registryd,1731,0.5,0.06151580857855175
caja,1768,0.5,1.014617140371201
mate-netspeed-applet,1980,0.5,0.2560041889805009
chrome,42278,0.5,3.2330740483012286
chrome,42278,0.5,3.2330740483012286
chrome,42278,0.5,3.2330740483012286
chrome,42278,0.5,3.2330740483012286
chrome,42278,0.5,3.2330740483012286
chrome,42278,0.5,3.2330740483012286
chrome,42278,0.5,3.2330740483012286
chrome,42278,0.5,3.2330740483012286
chrome,42278,0.5,3.2330740483012286
chrome,42278,0.5,3.2330740483012286
chrome,42278,0.5,3.2330740483012286
chrome,42278,0.5,3.2330740483012286
chrome,42278,0.5,3.2330740483012286
chrome,42278,0.5,3.2330740483012286
chrome,42278,0.5,3.2330740483012286
chrome,42278,0.5,3.2330740483012286
chrome,42278,0.5,3.2330740483012286
chrome,42278,0.5,3.2330740483012286
chrome,42278,0.5,3.2330740483012286
chrome,42278,0.5,3.2330740483012286
chrome,42278,0.5,3.2330740483012286
chrome,42278,0.5,3.2330740483012286
chrome,42278,0.5,3.2330740483012286
chrome,42278,0.5,3.2330740483012286
chrome,42278,0.5,3.2330740483012286
chrome,42278,0.5,3.2330740483012286
chrome,42278,0.5,3.2330740483012286
chrome,42278,0.5,3.2330740483012286
chrome,42278,0.5,3.2330740483012286
chrome,42278,0.5,3.2330740483012286
chrome,42278,0.5,3.2330740483012286
chrome,42278,0.5,3.2330740483012286
chrome,42278,0.5,3.2330740483012286
chrome,44479,0.5,1.731965287367409
chrome,44479,0.5,1.731965287367409
chrome,44479,0.5,1.731965287367409
chrome,44479,0.5,1.731965287367409
chrome,44479,0.5,1.731965287367409
chrome,44479,0.5,1.731965287367409
chrome,44479,0.5,1.731965287367409
chrome,44479,0.5,1.731965287367409
chrome,44479,0.5,1.731965287367409
chrome,44479,0.5,1.731965287367409
chrome,44479,0.5,1.731965287367409
chrome,44479,0.5,1.731965287367409
chrome,44479,0.5,1.731965287367409
chrome,44479,0.5,1.731965287367409
chrome,44479,0.5,1.731965287367409
chrome,44479,0.5,1.731965287367409
chrome,44479,0.5,1.731965287367409
chrome,44479,0.5,1.731965287367409
chrome,44479,0.5,1.731965287367409
chrome,44479,0.5,1.731965287367409
chrome,44479,0.5,1.731965287367409
chrome,44479,0.5,1.731965287367409
chrome,44479,0.5,1.731965287367409
chrome,44479,0.5,1.731965287367409
chrome,44479,0.5,1.731965287367409
chrome,44479,0.5,1.731965287367409
chrome,44479,0.5,1.731965287367409
chrome,44479,0.5,1.731965287367409
chrome,44479,0.5,1.731965287367409
chrome,44479,0.5,1.731965287367409
chrome,44479,0.5,1.731965287367409
chrome,44479,0.5,1.731965287367409
chrome,44479,0.5,1.731965287367409
codium,129670,0.5,0.5597446454179581
codium,129670,0.5,0.5597446454179581
codium,129670,0.5,0.5597446454179581
codium,129670,0.5,0.5597446454179581
codium,129670,0.5,0.5597446454179581
codium,129670,0.5,0.5597446454179581
codium,129670,0.5,0.5597446454179581
codium,129670,0.5,0.5597446454179581
codium,129670,0.5,0.5597446454179581
codium,129670,0.5,0.5597446454179581
codium,129670,0.5,0.5597446454179581
codium,129670,0.5,0.5597446454179581
codium,129670,0.5,0.5597446454179581
codium,129836,0.5,0.4560043858310884
codium,129836,0.5,0.4560043858310884
codium,129836,0.5,0.4560043858310884
codium,129836,0.5,0.4560043858310884
codium,129836,0.5,0.4560043858310884
codium,129836,0.5,0.4560043858310884
codium,129836,0.5,0.4560043858310884
codium,129836,0.5,0.4560043858310884
codium,129836,0.5,0.4560043858310884
codium,129836,0.5,0.4560043858310884
codium,129836,0.5,0.4560043858310884
codium,129836,0.5,0.4560043858310884
codium,129836,0.5,0.4560043858310884
TabNine,129843,0.5,0.7255174463754394
TabNine,129843,0.5,0.7255174463754394
python,130018,0.5,0.7538147183215732
python,130018,0.5,0.7538147183215732
python,130018,0.5,0.7538147183215732
python,130018,0.5,0.7538147183215732
python,130018,0.5,0.7538147183215732
python,130018,0.5,0.7538147183215732
kworker/0:1-events,137262,0.5,0.0
systemd,1,0.0,0.0814223242345711
kcompactd0,44,0.0,0.0
kworker/1:1H-kblockd,56,0.0,0.0
kworker/2:1H-kblockd,128,0.0,0.0
kworker/3:1H-kblockd,144,0.0,0.0
kworker/0:1H-kblockd,145,0.0,0.0
btrfs-cleaner,331,0.0,0.0
btrfs-transaction,332,0.0,0.0
systemd-udevd,451,0.0,0.05543804669099083
haveged,864,0.0,0.04131401704135535
accounts-daemon,869,0.0,0.06493608753551923
bluetoothd,875,0.0,0.03882877837478187
cron,877,0.0,0.017372064342583014
dbus-daemon,878,0.0,0.04067425263213842
dbus-daemon,878,0.0,0.04067425263213842
dbus-daemon,878,0.0,0.04067425263213842
NetworkManager,881,0.0,0.14005919297164662
osspd,885,0.0,0.018061041398662794
polkitd,886,0.0,0.06690459341003288
rngd,887,0.0,0.004945871009715561
snapd,888,0.0,0.26720006614179737
systemd-logind,889,0.0,0.05275595743696598
udisksd,890,0.0,0.11171270837864998
wpa_supplicant,891,0.0,0.06368116504051677
ModemManager,991,0.0,0.07704239866377821
run-cups-browse,1003,0.0,0.006274612475012278
run-cups-browse,1003,0.0,0.006274612475012278
run-cupsd,1004,0.0,0.010137805253745328
lightdm,1007,0.0,0.0470718967243078
agetty,1050,0.0,0.004306106600498623
cupsd,1354,0.0,0.07234259088837686
cups-proxyd,1355,0.0,0.06619101003052169
rtkit-daemon,1414,0.0,0.019242144923370987
run-cups-browse,1462,0.0,0.0007627960263740417
run-cups-browse,1462,0.0,0.0007627960263740417
upowerd,1566,0.0,0.08127468629398257
lightdm,1588,0.0,0.05814474226844711
lightdm,1588,0.0,0.05814474226844711
systemd,1626,0.0,0.06774120840670118
systemd,1626,0.0,0.06774120840670118
(sd-pam),1627,0.0,0.02426183490338081
pipewire,1641,0.0,0.13996076767792096
wireplumber,1642,0.0,0.22532010366151933
pipewire-pulse,1643,0.0,0.38565490714065664
dbus-daemon,1645,0.0,0.0377953127906622
dbus-daemon,1645,0.0,0.0377953127906622
dbus-daemon,1645,0.0,0.0377953127906622
gnome-keyring-daemon,1647,0.0,0.06744593252552414
x-session-manager,1651,0.0,0.17116158578896237
dconf-service,1686,0.0,0.037942950731250716
ssh-agent,1709,0.0,0.002878939841476222
ssh-agent,1709,0.0,0.002878939841476222
dbus-daemon,1716,0.0,0.030782510612707297
dbus-daemon,1716,0.0,0.030782510612707297
dbus-daemon,1716,0.0,0.030782510612707297
gvfsd,1738,0.0,0.060506949317863504
xdg-permission-store,1747,0.0,0.04466047702802857
syndaemon,1764,0.0,0.01690454419738602
gvfs-udisks2-volume-monitor,1765,0.0,0.10460148090696939
gvfs-mtp-volume-monitor,1773,0.0,0.05002465553607829
brisk-menu,1774,0.0,0.2834156332831036
mate-screensaver,1780,0.0,0.23949334595801766
nm-applet,1789,0.0,0.30888317803462406
gvfs-gphoto2-volume-monitor,1811,0.0,0.05386324199137991
agent,1822,0.0,0.04237208894890645
skypeforlinux,1824,0.0,0.9383375377337969
skypeforlinux,1824,0.0,0.9383375377337969
skypeforlinux,1824,0.0,0.9383375377337969
skypeforlinux,1824,0.0,0.9383375377337969
skypeforlinux,1824,0.0,0.9383375377337969
skypeforlinux,1824,0.0,0.9383375377337969
skypeforlinux,1824,0.0,0.9383375377337969
gvfs-goa-volume-monitor,1839,0.0,0.05125497170764932
polkit-mate-authentication-agent-1,1855,0.0,0.10691447530952293
xdg-document-portal,1876,0.0,0.05787407271070149
gvfs-afc-volume-monitor,1879,0.0,0.06075301255217771
fusermount3,1898,0.0,0.010679144369236584
xdg-desktop-portal,1899,0.0,0.10831703574511392
clock-applet,1975,0.0,0.24328271976645646
notification-area-applet,1982,0.0,0.19402086025675222
gvfsd-trash,2017,0.0,0.07054632927788315
obexd,2070,0.0,0.04183074983341519
dnsmasq,2074,0.0,0.0024852386665734907
gvfsd-metadata,2141,0.0,0.07755913145583805
skypeforlinux,2147,0.0,0.2683811696665056
skypeforlinux,2147,0.0,0.2683811696665056
skypeforlinux,2147,0.0,0.2683811696665056
skypeforlinux,2147,0.0,0.2683811696665056
skypeforlinux,2147,0.0,0.2683811696665056
skypeforlinux,2147,0.0,0.2683811696665056
skypeforlinux,2148,0.0,0.2635583302739471
skypeforlinux,2148,0.0,0.2635583302739471
skypeforlinux,2148,0.0,0.2635583302739471
skypeforlinux,2148,0.0,0.2635583302739471
skypeforlinux,2148,0.0,0.2635583302739471
skypeforlinux,2148,0.0,0.2635583302739471
skypeforlinux,2150,0.0,0.04680122716656217
skypeforlinux,2150,0.0,0.04680122716656217
skypeforlinux,2150,0.0,0.04680122716656217
skypeforlinux,2150,0.0,0.04680122716656217
skypeforlinux,2150,0.0,0.04680122716656217
skypeforlinux,2150,0.0,0.04680122716656217
skypeforlinux,2150,0.0,0.04680122716656217
chrome_crashpad_handler,2163,0.0,0.019906515656019346
chrome_crashpad_handler,2163,0.0,0.019906515656019346
chrome_crashpad_handler,2163,0.0,0.019906515656019346
chrome_crashpad_handler,2163,0.0,0.019906515656019346
chrome_crashpad_handler,2163,0.0,0.019906515656019346
skypeforlinux,2179,0.0,0.4960388740540099
skypeforlinux,2179,0.0,0.4960388740540099
skypeforlinux,2179,0.0,0.4960388740540099
skypeforlinux,2179,0.0,0.4960388740540099
skypeforlinux,2179,0.0,0.4960388740540099
skypeforlinux,2179,0.0,0.4960388740540099
skypeforlinux,2184,0.0,0.39227400814370883
skypeforlinux,2184,0.0,0.39227400814370883
skypeforlinux,2184,0.0,0.39227400814370883
skypeforlinux,2184,0.0,0.39227400814370883
skypeforlinux,2184,0.0,0.39227400814370883
skypeforlinux,2184,0.0,0.39227400814370883
skypeforlinux,2184,0.0,0.39227400814370883
skypeforlinux,2194,0.0,1.4883134727494811
skypeforlinux,2194,0.0,1.4883134727494811
skypeforlinux,2194,0.0,1.4883134727494811
skypeforlinux,2194,0.0,1.4883134727494811
skypeforlinux,2194,0.0,1.4883134727494811
skypeforlinux,2194,0.0,1.4883134727494811
skypeforlinux,2194,0.0,1.4883134727494811
gvfsd-network,3335,0.0,0.07942921203662602
gvfsd-dnssd,3361,0.0,0.07659948484201264
/opt/lampp/bin/,10206,0.0,0.18636829366958038
/opt/lampp/bin/,10206,0.0,0.18636829366958038
/opt/lampp/bin/,10206,0.0,0.18636829366958038
/opt/lampp/bin/,10206,0.0,0.18636829366958038
/opt/lampp/bin/,10206,0.0,0.18636829366958038
/opt/lampp/bin/,10206,0.0,0.18636829366958038
/opt/lampp/bin/,10206,0.0,0.18636829366958038
/opt/lampp/bin/,10206,0.0,0.18636829366958038
/opt/lampp/bin/,10206,0.0,0.18636829366958038
/opt/lampp/bin/,10206,0.0,0.18636829366958038
/opt/lampp/bin/,10206,0.0,0.18636829366958038
/opt/lampp/bin/,10206,0.0,0.18636829366958038
/opt/lampp/bin/,10213,0.0,0.06968510795778342
/opt/lampp/bin/,10213,0.0,0.06968510795778342
/opt/lampp/bin/,10213,0.0,0.06968510795778342
/opt/lampp/bin/,10213,0.0,0.06968510795778342
/opt/lampp/bin/,10213,0.0,0.06968510795778342
/opt/lampp/bin/,10213,0.0,0.06968510795778342
/opt/lampp/bin/,10213,0.0,0.06968510795778342
/opt/lampp/bin/,10213,0.0,0.06968510795778342
/opt/lampp/bin/,10213,0.0,0.06968510795778342
/opt/lampp/bin/,10213,0.0,0.06968510795778342
/opt/lampp/bin/,10213,0.0,0.06968510795778342
/opt/lampp/bin/,10213,0.0,0.06968510795778342
/opt/lampp/bin/,10214,0.0,0.15248538630451408
/opt/lampp/bin/,10214,0.0,0.15248538630451408
/opt/lampp/bin/,10214,0.0,0.15248538630451408
/opt/lampp/bin/,10214,0.0,0.15248538630451408
/opt/lampp/bin/,10214,0.0,0.15248538630451408
/opt/lampp/bin/,10214,0.0,0.15248538630451408
/opt/lampp/bin/,10214,0.0,0.15248538630451408
/opt/lampp/bin/,10214,0.0,0.15248538630451408
/opt/lampp/bin/,10214,0.0,0.15248538630451408
/opt/lampp/bin/,10214,0.0,0.15248538630451408
/opt/lampp/bin/,10214,0.0,0.15248538630451408
/opt/lampp/bin/,10214,0.0,0.15248538630451408
/opt/lampp/bin/,10215,0.0,0.15588105893805013
/opt/lampp/bin/,10215,0.0,0.15588105893805013
/opt/lampp/bin/,10215,0.0,0.15588105893805013
/opt/lampp/bin/,10215,0.0,0.15588105893805013
/opt/lampp/bin/,10215,0.0,0.15588105893805013
/opt/lampp/bin/,10215,0.0,0.15588105893805013
/opt/lampp/bin/,10215,0.0,0.15588105893805013
/opt/lampp/bin/,10215,0.0,0.15588105893805013
/opt/lampp/bin/,10215,0.0,0.15588105893805013
/opt/lampp/bin/,10215,0.0,0.15588105893805013
/opt/lampp/bin/,10215,0.0,0.15588105893805013
/opt/lampp/bin/,10215,0.0,0.15588105893805013
/opt/lampp/bin/,10216,0.0,0.15509365658824467
/opt/lampp/bin/,10216,0.0,0.15509365658824467
/opt/lampp/bin/,10216,0.0,0.15509365658824467
/opt/lampp/bin/,10216,0.0,0.15509365658824467
/opt/lampp/bin/,10216,0.0,0.15509365658824467
/opt/lampp/bin/,10216,0.0,0.15509365658824467
/opt/lampp/bin/,10216,0.0,0.15509365658824467
/opt/lampp/bin/,10216,0.0,0.15509365658824467
/opt/lampp/bin/,10216,0.0,0.15509365658824467
/opt/lampp/bin/,10216,0.0,0.15509365658824467
/opt/lampp/bin/,10216,0.0,0.15509365658824467
/opt/lampp/bin/,10216,0.0,0.15509365658824467
/opt/lampp/bin/,10218,0.0,0.14854837455548678
/opt/lampp/bin/,10218,0.0,0.14854837455548678
/opt/lampp/bin/,10218,0.0,0.14854837455548678
/opt/lampp/bin/,10218,0.0,0.14854837455548678
/opt/lampp/bin/,10218,0.0,0.14854837455548678
/opt/lampp/bin/,10218,0.0,0.14854837455548678
/opt/lampp/bin/,10218,0.0,0.14854837455548678
/opt/lampp/bin/,10218,0.0,0.14854837455548678
/opt/lampp/bin/,10218,0.0,0.14854837455548678
/opt/lampp/bin/,10218,0.0,0.14854837455548678
/opt/lampp/bin/,10218,0.0,0.14854837455548678
/opt/lampp/bin/,10218,0.0,0.14854837455548678
/opt/lampp/bin/,10221,0.0,0.14783479117597556
/opt/lampp/bin/,10221,0.0,0.14783479117597556
/opt/lampp/bin/,10221,0.0,0.14783479117597556
/opt/lampp/bin/,10221,0.0,0.14783479117597556
/opt/lampp/bin/,10221,0.0,0.14783479117597556
/opt/lampp/bin/,10221,0.0,0.14783479117597556
/opt/lampp/bin/,10221,0.0,0.14783479117597556
/opt/lampp/bin/,10221,0.0,0.14783479117597556
/opt/lampp/bin/,10221,0.0,0.14783479117597556
/opt/lampp/bin/,10221,0.0,0.14783479117597556
/opt/lampp/bin/,10221,0.0,0.14783479117597556
/opt/lampp/bin/,10221,0.0,0.14783479117597556
proftpd,10272,0.0,0.017839584487780006
mysqld_safe,10312,0.0,0.009670285108548334
mysqld,10463,0.0,0.4621559666889436
/opt/lampp/bin/,10531,0.0,0.130019813011627
/opt/lampp/bin/,10531,0.0,0.130019813011627
/opt/lampp/bin/,10531,0.0,0.130019813011627
/opt/lampp/bin/,10531,0.0,0.130019813011627
/opt/lampp/bin/,10531,0.0,0.130019813011627
/opt/lampp/bin/,10531,0.0,0.130019813011627
/opt/lampp/bin/,10531,0.0,0.130019813011627
/opt/lampp/bin/,10531,0.0,0.130019813011627
/opt/lampp/bin/,10531,0.0,0.130019813011627
/opt/lampp/bin/,10531,0.0,0.130019813011627
/opt/lampp/bin/,10531,0.0,0.130019813011627
/opt/lampp/bin/,10861,0.0,0.15364188350579086
/opt/lampp/bin/,10861,0.0,0.15364188350579086
/opt/lampp/bin/,10861,0.0,0.15364188350579086
/opt/lampp/bin/,10861,0.0,0.15364188350579086
/opt/lampp/bin/,10861,0.0,0.15364188350579086
/opt/lampp/bin/,10861,0.0,0.15364188350579086
/opt/lampp/bin/,10861,0.0,0.15364188350579086
/opt/lampp/bin/,10861,0.0,0.15364188350579086
/opt/lampp/bin/,10861,0.0,0.15364188350579086
/opt/lampp/bin/,10861,0.0,0.15364188350579086
/opt/lampp/bin/,10861,0.0,0.15364188350579086
/opt/lampp/bin/,10861,0.0,0.15364188350579086
/opt/lampp/bin/,10862,0.0,0.1477363658822499
/opt/lampp/bin/,10862,0.0,0.1477363658822499
/opt/lampp/bin/,10862,0.0,0.1477363658822499
/opt/lampp/bin/,10862,0.0,0.1477363658822499
/opt/lampp/bin/,10862,0.0,0.1477363658822499
/opt/lampp/bin/,10862,0.0,0.1477363658822499
/opt/lampp/bin/,10862,0.0,0.1477363658822499
/opt/lampp/bin/,10862,0.0,0.1477363658822499
/opt/lampp/bin/,10862,0.0,0.1477363658822499
/opt/lampp/bin/,10862,0.0,0.1477363658822499
/opt/lampp/bin/,10863,0.0,0.1477363658822499
/opt/lampp/bin/,10863,0.0,0.1477363658822499
/opt/lampp/bin/,10863,0.0,0.1477363658822499
/opt/lampp/bin/,10863,0.0,0.1477363658822499
/opt/lampp/bin/,10863,0.0,0.1477363658822499
/opt/lampp/bin/,10863,0.0,0.1477363658822499
/opt/lampp/bin/,10863,0.0,0.1477363658822499
/opt/lampp/bin/,10863,0.0,0.1477363658822499
/opt/lampp/bin/,10863,0.0,0.1477363658822499
/opt/lampp/bin/,10863,0.0,0.1477363658822499
/opt/lampp/bin/,10864,0.0,0.15268223689196544
/opt/lampp/bin/,10864,0.0,0.15268223689196544
/opt/lampp/bin/,10864,0.0,0.15268223689196544
/opt/lampp/bin/,10864,0.0,0.15268223689196544
/opt/lampp/bin/,10864,0.0,0.15268223689196544
/opt/lampp/bin/,10864,0.0,0.15268223689196544
/opt/lampp/bin/,10864,0.0,0.15268223689196544
/opt/lampp/bin/,10864,0.0,0.15268223689196544
/opt/lampp/bin/,10864,0.0,0.15268223689196544
/opt/lampp/bin/,10864,0.0,0.15268223689196544
/opt/lampp/bin/,10864,0.0,0.15268223689196544
/opt/lampp/bin/,10864,0.0,0.15268223689196544
ssh-agent,13996,0.0,0.023671283141026712
ssh-agent,13996,0.0,0.023671283141026712
cat,42283,0.0,0.003100396752359008
cat,42283,0.0,0.003100396752359008
cat,42283,0.0,0.003100396752359008
cat,42283,0.0,0.003100396752359008
cat,42284,0.0,0.00349409792726174
cat,42284,0.0,0.00349409792726174
cat,42284,0.0,0.00349409792726174
cat,42284,0.0,0.00349409792726174
chrome_crashpad_handler,42286,0.0,0.021038406533864698
chrome_crashpad_handler,42286,0.0,0.021038406533864698
chrome_crashpad_handler,42286,0.0,0.021038406533864698
chrome_crashpad_handler,42286,0.0,0.021038406533864698
chrome_crashpad_handler,42286,0.0,0.021038406533864698
chrome_crashpad_handler,42288,0.0,0.018110254045525635
chrome_crashpad_handler,42288,0.0,0.018110254045525635
chrome_crashpad_handler,42288,0.0,0.018110254045525635
chrome_crashpad_handler,42288,0.0,0.018110254045525635
chrome_crashpad_handler,42288,0.0,0.018110254045525635
chrome,42294,0.0,0.39131436152988336
chrome,42294,0.0,0.39131436152988336
chrome,42294,0.0,0.39131436152988336
chrome,42294,0.0,0.39131436152988336
chrome,42294,0.0,0.39131436152988336
chrome,42294,0.0,0.39131436152988336
chrome,42294,0.0,0.39131436152988336
chrome,42294,0.0,0.39131436152988336
chrome,42294,0.0,0.39131436152988336
chrome,42294,0.0,0.39131436152988336
chrome,42294,0.0,0.39131436152988336
chrome,42294,0.0,0.39131436152988336
chrome,42294,0.0,0.39131436152988336
chrome,42294,0.0,0.39131436152988336
chrome,42294,0.0,0.39131436152988336
chrome,42294,0.0,0.39131436152988336
chrome,42294,0.0,0.39131436152988336
chrome,42294,0.0,0.39131436152988336
chrome,42294,0.0,0.39131436152988336
chrome,42294,0.0,0.39131436152988336
chrome,42294,0.0,0.39131436152988336
chrome,42294,0.0,0.39131436152988336
chrome,42294,0.0,0.39131436152988336
chrome,42294,0.0,0.39131436152988336
chrome,42294,0.0,0.39131436152988336
chrome,42294,0.0,0.39131436152988336
chrome,42294,0.0,0.39131436152988336
chrome,42294,0.0,0.39131436152988336
chrome,42294,0.0,0.39131436152988336
chrome,42294,0.0,0.39131436152988336
chrome,42294,0.0,0.39131436152988336
chrome,42294,0.0,0.39131436152988336
chrome,42294,0.0,0.39131436152988336
chrome,42295,0.0,0.3832680937678088
chrome,42295,0.0,0.3832680937678088
chrome,42295,0.0,0.3832680937678088
chrome,42295,0.0,0.3832680937678088
chrome,42295,0.0,0.3832680937678088
chrome,42295,0.0,0.3832680937678088
chrome,42295,0.0,0.3832680937678088
chrome,42295,0.0,0.3832680937678088
chrome,42295,0.0,0.3832680937678088
chrome,42295,0.0,0.3832680937678088
chrome,42295,0.0,0.3832680937678088
chrome,42295,0.0,0.3832680937678088
chrome,42295,0.0,0.3832680937678088
chrome,42295,0.0,0.3832680937678088
chrome,42295,0.0,0.3832680937678088
chrome,42295,0.0,0.3832680937678088
chrome,42295,0.0,0.3832680937678088
chrome,42295,0.0,0.3832680937678088
chrome,42295,0.0,0.3832680937678088
chrome,42295,0.0,0.3832680937678088
chrome,42295,0.0,0.3832680937678088
chrome,42295,0.0,0.3832680937678088
chrome,42295,0.0,0.3832680937678088
chrome,42295,0.0,0.3832680937678088
chrome,42295,0.0,0.3832680937678088
chrome,42295,0.0,0.3832680937678088
chrome,42295,0.0,0.3832680937678088
chrome,42295,0.0,0.3832680937678088
chrome,42295,0.0,0.3832680937678088
chrome,42295,0.0,0.3832680937678088
chrome,42295,0.0,0.3832680937678088
chrome,42295,0.0,0.3832680937678088
nacl_helper,42296,0.0,0.02787896444779965
chrome,42299,0.0,0.10450305561324372
chrome,42299,0.0,0.10450305561324372
chrome,42299,0.0,0.10450305561324372
chrome,42299,0.0,0.10450305561324372
chrome,42299,0.0,0.10450305561324372
chrome,42299,0.0,0.10450305561324372
chrome,42299,0.0,0.10450305561324372
chrome,42299,0.0,0.10450305561324372
chrome,42299,0.0,0.10450305561324372
chrome,42299,0.0,0.10450305561324372
chrome,42299,0.0,0.10450305561324372
chrome,42299,0.0,0.10450305561324372
chrome,42299,0.0,0.10450305561324372
chrome,42299,0.0,0.10450305561324372
chrome,42299,0.0,0.10450305561324372
chrome,42299,0.0,0.10450305561324372
chrome,42299,0.0,0.10450305561324372
chrome,42299,0.0,0.10450305561324372
chrome,42299,0.0,0.10450305561324372
chrome,42299,0.0,0.10450305561324372
chrome,42299,0.0,0.10450305561324372
chrome,42299,0.0,0.10450305561324372
chrome,42299,0.0,0.10450305561324372
chrome,42299,0.0,0.10450305561324372
chrome,42299,0.0,0.10450305561324372
chrome,42299,0.0,0.10450305561324372
chrome,42299,0.0,0.10450305561324372
chrome,42299,0.0,0.10450305561324372
chrome,42299,0.0,0.10450305561324372
chrome,42299,0.0,0.10450305561324372
chrome,42299,0.0,0.10450305561324372
chrome,42299,0.0,0.10450305561324372
chrome,42299,0.0,0.10450305561324372
chrome,42322,0.0,1.271728613906116
chrome,42322,0.0,1.271728613906116
chrome,42322,0.0,1.271728613906116
chrome,42322,0.0,1.271728613906116
chrome,42322,0.0,1.271728613906116
chrome,42322,0.0,1.271728613906116
chrome,42322,0.0,1.271728613906116
chrome,42322,0.0,1.271728613906116
chrome,42322,0.0,1.271728613906116
chrome,42322,0.0,1.271728613906116
chrome,42322,0.0,1.271728613906116
chrome,42322,0.0,1.271728613906116
chrome,42322,0.0,1.271728613906116
chrome,42322,0.0,1.271728613906116
chrome,42322,0.0,1.271728613906116
chrome,42322,0.0,1.271728613906116
chrome,42322,0.0,1.271728613906116
chrome,42322,0.0,1.271728613906116
chrome,42322,0.0,1.271728613906116
chrome,42322,0.0,1.271728613906116
chrome,42322,0.0,1.271728613906116
chrome,42322,0.0,1.271728613906116
chrome,42322,0.0,1.271728613906116
chrome,42322,0.0,1.271728613906116
chrome,42322,0.0,1.271728613906116
chrome,42322,0.0,1.271728613906116
chrome,42322,0.0,1.271728613906116
chrome,42322,0.0,1.271728613906116
chrome,42322,0.0,1.271728613906116
chrome,42322,0.0,1.271728613906116
chrome,42322,0.0,1.271728613906116
chrome,42322,0.0,1.271728613906116
chrome,42322,0.0,1.271728613906116
chrome,42323,0.0,0.905758765510596
chrome,42323,0.0,0.905758765510596
chrome,42323,0.0,0.905758765510596
chrome,42323,0.0,0.905758765510596
chrome,42323,0.0,0.905758765510596
chrome,42323,0.0,0.905758765510596
chrome,42323,0.0,0.905758765510596
chrome,42323,0.0,0.905758765510596
chrome,42323,0.0,0.905758765510596
chrome,42323,0.0,0.905758765510596
chrome,42323,0.0,0.905758765510596
chrome,42323,0.0,0.905758765510596
chrome,42323,0.0,0.905758765510596
chrome,42323,0.0,0.905758765510596
chrome,42323,0.0,0.905758765510596
chrome,42323,0.0,0.905758765510596
chrome,42323,0.0,0.905758765510596
chrome,42323,0.0,0.905758765510596
chrome,42323,0.0,0.905758765510596
chrome,42323,0.0,0.905758765510596
chrome,42323,0.0,0.905758765510596
chrome,42323,0.0,0.905758765510596
chrome,42323,0.0,0.905758765510596
chrome,42323,0.0,0.905758765510596
chrome,42323,0.0,0.905758765510596
chrome,42323,0.0,0.905758765510596
chrome,42323,0.0,0.905758765510596
chrome,42323,0.0,0.905758765510596
chrome,42323,0.0,0.905758765510596
chrome,42323,0.0,0.905758765510596
chrome,42323,0.0,0.905758765510596
chrome,42323,0.0,0.905758765510596
chrome,42323,0.0,0.905758765510596
chrome,42325,0.0,0.10248533709186722
chrome,42325,0.0,0.10248533709186722
chrome,42325,0.0,0.10248533709186722
chrome,42325,0.0,0.10248533709186722
chrome,42325,0.0,0.10248533709186722
chrome,42325,0.0,0.10248533709186722
chrome,42325,0.0,0.10248533709186722
chrome,42325,0.0,0.10248533709186722
chrome,42325,0.0,0.10248533709186722
chrome,42325,0.0,0.10248533709186722
chrome,42325,0.0,0.10248533709186722
chrome,42325,0.0,0.10248533709186722
chrome,42325,0.0,0.10248533709186722
chrome,42325,0.0,0.10248533709186722
chrome,42325,0.0,0.10248533709186722
chrome,42325,0.0,0.10248533709186722
chrome,42325,0.0,0.10248533709186722
chrome,42325,0.0,0.10248533709186722
chrome,42325,0.0,0.10248533709186722
chrome,42325,0.0,0.10248533709186722
chrome,42325,0.0,0.10248533709186722
chrome,42325,0.0,0.10248533709186722
chrome,42325,0.0,0.10248533709186722
chrome,42325,0.0,0.10248533709186722
chrome,42325,0.0,0.10248533709186722
chrome,42325,0.0,0.10248533709186722
chrome,42325,0.0,0.10248533709186722
chrome,42325,0.0,0.10248533709186722
chrome,42325,0.0,0.10248533709186722
chrome,42325,0.0,0.10248533709186722
chrome,42325,0.0,0.10248533709186722
chrome,42325,0.0,0.10248533709186722
chrome,42325,0.0,0.10248533709186722
chrome,42349,0.0,0.4078744171992295
chrome,42349,0.0,0.4078744171992295
chrome,42349,0.0,0.4078744171992295
chrome,42349,0.0,0.4078744171992295
chrome,42349,0.0,0.4078744171992295
chrome,42349,0.0,0.4078744171992295
chrome,42349,0.0,0.4078744171992295
chrome,42349,0.0,0.4078744171992295
chrome,42349,0.0,0.4078744171992295
chrome,42349,0.0,0.4078744171992295
chrome,42349,0.0,0.4078744171992295
chrome,42349,0.0,0.4078744171992295
chrome,42349,0.0,0.4078744171992295
chrome,42349,0.0,0.4078744171992295
chrome,42349,0.0,0.4078744171992295
chrome,42349,0.0,0.4078744171992295
chrome,42349,0.0,0.4078744171992295
chrome,42349,0.0,0.4078744171992295
chrome,42349,0.0,0.4078744171992295
chrome,42349,0.0,0.4078744171992295
chrome,42349,0.0,0.4078744171992295
chrome,42349,0.0,0.4078744171992295
chrome,42349,0.0,0.4078744171992295
chrome,42349,0.0,0.4078744171992295
chrome,42349,0.0,0.4078744171992295
chrome,42349,0.0,0.4078744171992295
chrome,42349,0.0,0.4078744171992295
chrome,42349,0.0,0.4078744171992295
chrome,42349,0.0,0.4078744171992295
chrome,42349,0.0,0.4078744171992295
chrome,42349,0.0,0.4078744171992295
chrome,42349,0.0,0.4078744171992295
chrome,42349,0.0,0.4078744171992295
chrome,42430,0.0,0.6029287430401014
chrome,42430,0.0,0.6029287430401014
chrome,42430,0.0,0.6029287430401014
chrome,42430,0.0,0.6029287430401014
chrome,42430,0.0,0.6029287430401014
chrome,42430,0.0,0.6029287430401014
chrome,42430,0.0,0.6029287430401014
chrome,42430,0.0,0.6029287430401014
chrome,42430,0.0,0.6029287430401014
chrome,42430,0.0,0.6029287430401014
chrome,42430,0.0,0.6029287430401014
chrome,42430,0.0,0.6029287430401014
chrome,42430,0.0,0.6029287430401014
chrome,42430,0.0,0.6029287430401014
chrome,42430,0.0,0.6029287430401014
chrome,42430,0.0,0.6029287430401014
chrome,42430,0.0,0.6029287430401014
chrome,42430,0.0,0.6029287430401014
chrome,42430,0.0,0.6029287430401014
chrome,42430,0.0,0.6029287430401014
chrome,42430,0.0,0.6029287430401014
chrome,42430,0.0,0.6029287430401014
chrome,42430,0.0,0.6029287430401014
chrome,42430,0.0,0.6029287430401014
chrome,42430,0.0,0.6029287430401014
chrome,42430,0.0,0.6029287430401014
chrome,42430,0.0,0.6029287430401014
chrome,42430,0.0,0.6029287430401014
chrome,42430,0.0,0.6029287430401014
chrome,42430,0.0,0.6029287430401014
chrome,42430,0.0,0.6029287430401014
chrome,42430,0.0,0.6029287430401014
chrome,42441,0.0,0.6963835594326373
chrome,42441,0.0,0.6963835594326373
chrome,42441,0.0,0.6963835594326373
chrome,42441,0.0,0.6963835594326373
chrome,42441,0.0,0.6963835594326373
chrome,42441,0.0,0.6963835594326373
chrome,42441,0.0,0.6963835594326373
chrome,42441,0.0,0.6963835594326373
chrome,42441,0.0,0.6963835594326373
chrome,42441,0.0,0.6963835594326373
chrome,42441,0.0,0.6963835594326373
chrome,42441,0.0,0.6963835594326373
chrome,42441,0.0,0.6963835594326373
chrome,42441,0.0,0.6963835594326373
chrome,42441,0.0,0.6963835594326373
chrome,42441,0.0,0.6963835594326373
chrome,42441,0.0,0.6963835594326373
chrome,42441,0.0,0.6963835594326373
chrome,42441,0.0,0.6963835594326373
chrome,42441,0.0,0.6963835594326373
chrome,42441,0.0,0.6963835594326373
chrome,42441,0.0,0.6963835594326373
chrome,42441,0.0,0.6963835594326373
chrome,42441,0.0,0.6963835594326373
chrome,42441,0.0,0.6963835594326373
chrome,42441,0.0,0.6963835594326373
chrome,42441,0.0,0.6963835594326373
chrome,42441,0.0,0.6963835594326373
chrome,42441,0.0,0.6963835594326373
chrome,42441,0.0,0.6963835594326373
chrome,42441,0.0,0.6963835594326373
chrome,42441,0.0,0.6963835594326373
chrome,42441,0.0,0.6963835594326373
chrome,42452,0.0,0.6215311235542554
chrome,42452,0.0,0.6215311235542554
chrome,42452,0.0,0.6215311235542554
chrome,42452,0.0,0.6215311235542554
chrome,42452,0.0,0.6215311235542554
chrome,42452,0.0,0.6215311235542554
chrome,42452,0.0,0.6215311235542554
chrome,42452,0.0,0.6215311235542554
chrome,42452,0.0,0.6215311235542554
chrome,42452,0.0,0.6215311235542554
chrome,42452,0.0,0.6215311235542554
chrome,42452,0.0,0.6215311235542554
chrome,42452,0.0,0.6215311235542554
chrome,42452,0.0,0.6215311235542554
chrome,42452,0.0,0.6215311235542554
chrome,42452,0.0,0.6215311235542554
chrome,42452,0.0,0.6215311235542554
chrome,42452,0.0,0.6215311235542554
chrome,42452,0.0,0.6215311235542554
chrome,42452,0.0,0.6215311235542554
chrome,42452,0.0,0.6215311235542554
chrome,42452,0.0,0.6215311235542554
chrome,42452,0.0,0.6215311235542554
chrome,42452,0.0,0.6215311235542554
chrome,42452,0.0,0.6215311235542554
chrome,42452,0.0,0.6215311235542554
chrome,42452,0.0,0.6215311235542554
chrome,42452,0.0,0.6215311235542554
chrome,42452,0.0,0.6215311235542554
chrome,42452,0.0,0.6215311235542554
chrome,42452,0.0,0.6215311235542554
chrome,42452,0.0,0.6215311235542554
chrome,42452,0.0,0.6215311235542554
chrome,42469,0.0,0.7530765286186305
chrome,42469,0.0,0.7530765286186305
chrome,42469,0.0,0.7530765286186305
chrome,42469,0.0,0.7530765286186305
chrome,42469,0.0,0.7530765286186305
chrome,42469,0.0,0.7530765286186305
chrome,42469,0.0,0.7530765286186305
chrome,42469,0.0,0.7530765286186305
chrome,42469,0.0,0.7530765286186305
chrome,42469,0.0,0.7530765286186305
chrome,42469,0.0,0.7530765286186305
chrome,42469,0.0,0.7530765286186305
chrome,42469,0.0,0.7530765286186305
chrome,42469,0.0,0.7530765286186305
chrome,42469,0.0,0.7530765286186305
chrome,42469,0.0,0.7530765286186305
chrome,42469,0.0,0.7530765286186305
chrome,42469,0.0,0.7530765286186305
chrome,42469,0.0,0.7530765286186305
chrome,42469,0.0,0.7530765286186305
chrome,42469,0.0,0.7530765286186305
chrome,42469,0.0,0.7530765286186305
chrome,42469,0.0,0.7530765286186305
chrome,42469,0.0,0.7530765286186305
chrome,42469,0.0,0.7530765286186305
chrome,42469,0.0,0.7530765286186305
chrome,42469,0.0,0.7530765286186305
chrome,42469,0.0,0.7530765286186305
chrome,42469,0.0,0.7530765286186305
chrome,42469,0.0,0.7530765286186305
chrome,42469,0.0,0.7530765286186305
chrome,42469,0.0,0.7530765286186305
chrome,42469,0.0,0.7530765286186305
chrome,42504,0.0,0.7763295042613231
chrome,42504,0.0,0.7763295042613231
chrome,42504,0.0,0.7763295042613231
chrome,42504,0.0,0.7763295042613231
chrome,42504,0.0,0.7763295042613231
chrome,42504,0.0,0.7763295042613231
chrome,42504,0.0,0.7763295042613231
chrome,42504,0.0,0.7763295042613231
chrome,42504,0.0,0.7763295042613231
chrome,42504,0.0,0.7763295042613231
chrome,42504,0.0,0.7763295042613231
chrome,42504,0.0,0.7763295042613231
chrome,42504,0.0,0.7763295042613231
chrome,42504,0.0,0.7763295042613231
chrome,42504,0.0,0.7763295042613231
chrome,42504,0.0,0.7763295042613231
chrome,42504,0.0,0.7763295042613231
chrome,42504,0.0,0.7763295042613231
chrome,42504,0.0,0.7763295042613231
chrome,42504,0.0,0.7763295042613231
chrome,42504,0.0,0.7763295042613231
chrome,42504,0.0,0.7763295042613231
chrome,42504,0.0,0.7763295042613231
chrome,42504,0.0,0.7763295042613231
chrome,42504,0.0,0.7763295042613231
chrome,42504,0.0,0.7763295042613231
chrome,42504,0.0,0.7763295042613231
chrome,42504,0.0,0.7763295042613231
chrome,42504,0.0,0.7763295042613231
chrome,42504,0.0,0.7763295042613231
chrome,42504,0.0,0.7763295042613231
chrome,42504,0.0,0.7763295042613231
chrome,42504,0.0,0.7763295042613231
chrome,42670,0.0,1.273598694486904
chrome,42670,0.0,1.273598694486904
chrome,42670,0.0,1.273598694486904
chrome,42670,0.0,1.273598694486904
chrome,42670,0.0,1.273598694486904
chrome,42670,0.0,1.273598694486904
chrome,42670,0.0,1.273598694486904
chrome,42670,0.0,1.273598694486904
chrome,42670,0.0,1.273598694486904
chrome,42670,0.0,1.273598694486904
chrome,42670,0.0,1.273598694486904
chrome,42670,0.0,1.273598694486904
chrome,42670,0.0,1.273598694486904
chrome,42670,0.0,1.273598694486904
chrome,42670,0.0,1.273598694486904
chrome,42670,0.0,1.273598694486904
chrome,42670,0.0,1.273598694486904
chrome,42670,0.0,1.273598694486904
chrome,42670,0.0,1.273598694486904
chrome,42670,0.0,1.273598694486904
chrome,42670,0.0,1.273598694486904
chrome,42670,0.0,1.273598694486904
chrome,42670,0.0,1.273598694486904
chrome,42670,0.0,1.273598694486904
chrome,42670,0.0,1.273598694486904
chrome,42670,0.0,1.273598694486904
chrome,42670,0.0,1.273598694486904
chrome,42670,0.0,1.273598694486904
chrome,42670,0.0,1.273598694486904
chrome,42670,0.0,1.273598694486904
chrome,42670,0.0,1.273598694486904
chrome,42670,0.0,1.273598694486904
chrome,42670,0.0,1.273598694486904
chrome,42912,0.0,0.5230320108582784
chrome,42912,0.0,0.5230320108582784
chrome,42912,0.0,0.5230320108582784
chrome,42912,0.0,0.5230320108582784
chrome,42912,0.0,0.5230320108582784
chrome,42912,0.0,0.5230320108582784
chrome,42912,0.0,0.5230320108582784
chrome,42912,0.0,0.5230320108582784
chrome,42912,0.0,0.5230320108582784
chrome,42912,0.0,0.5230320108582784
chrome,42912,0.0,0.5230320108582784
chrome,42912,0.0,0.5230320108582784
chrome,42912,0.0,0.5230320108582784
chrome,42912,0.0,0.5230320108582784
chrome,42912,0.0,0.5230320108582784
chrome,42912,0.0,0.5230320108582784
chrome,42912,0.0,0.5230320108582784
chrome,42912,0.0,0.5230320108582784
chrome,42912,0.0,0.5230320108582784
chrome,42912,0.0,0.5230320108582784
chrome,42912,0.0,0.5230320108582784
chrome,42912,0.0,0.5230320108582784
chrome,42912,0.0,0.5230320108582784
chrome,42912,0.0,0.5230320108582784
chrome,42912,0.0,0.5230320108582784
chrome,42912,0.0,0.5230320108582784
chrome,42912,0.0,0.5230320108582784
chrome,42912,0.0,0.5230320108582784
chrome,42912,0.0,0.5230320108582784
chrome,42912,0.0,0.5230320108582784
chrome,42912,0.0,0.5230320108582784
chrome,42912,0.0,0.5230320108582784
chrome,42912,0.0,0.5230320108582784
chrome,43940,0.0,1.4548980855296119
chrome,43940,0.0,1.4548980855296119
chrome,43940,0.0,1.4548980855296119
chrome,43940,0.0,1.4548980855296119
chrome,43940,0.0,1.4548980855296119
chrome,43940,0.0,1.4548980855296119
chrome,43940,0.0,1.4548980855296119
chrome,43940,0.0,1.4548980855296119
chrome,43940,0.0,1.4548980855296119
chrome,43940,0.0,1.4548980855296119
chrome,43940,0.0,1.4548980855296119
chrome,43940,0.0,1.4548980855296119
chrome,43940,0.0,1.4548980855296119
chrome,43940,0.0,1.4548980855296119
chrome,43940,0.0,1.4548980855296119
chrome,43940,0.0,1.4548980855296119
chrome,43940,0.0,1.4548980855296119
chrome,43940,0.0,1.4548980855296119
chrome,43940,0.0,1.4548980855296119
chrome,43940,0.0,1.4548980855296119
chrome,43940,0.0,1.4548980855296119
chrome,43940,0.0,1.4548980855296119
chrome,43940,0.0,1.4548980855296119
chrome,43940,0.0,1.4548980855296119
chrome,43940,0.0,1.4548980855296119
chrome,43940,0.0,1.4548980855296119
chrome,43940,0.0,1.4548980855296119
chrome,43940,0.0,1.4548980855296119
chrome,43940,0.0,1.4548980855296119
chrome,43940,0.0,1.4548980855296119
chrome,43940,0.0,1.4548980855296119
chrome,43940,0.0,1.4548980855296119
chrome,43940,0.0,1.4548980855296119
chrome,43949,0.0,0.8773630682707365
chrome,43949,0.0,0.8773630682707365
chrome,43949,0.0,0.8773630682707365
chrome,43949,0.0,0.8773630682707365
chrome,43949,0.0,0.8773630682707365
chrome,43949,0.0,0.8773630682707365
chrome,43949,0.0,0.8773630682707365
chrome,43949,0.0,0.8773630682707365
chrome,43949,0.0,0.8773630682707365
chrome,43949,0.0,0.8773630682707365
chrome,43949,0.0,0.8773630682707365
chrome,43949,0.0,0.8773630682707365
chrome,43949,0.0,0.8773630682707365
chrome,43949,0.0,0.8773630682707365
chrome,43949,0.0,0.8773630682707365
chrome,43949,0.0,0.8773630682707365
chrome,43949,0.0,0.8773630682707365
chrome,43949,0.0,0.8773630682707365
chrome,43949,0.0,0.8773630682707365
chrome,43949,0.0,0.8773630682707365
chrome,43949,0.0,0.8773630682707365
chrome,43949,0.0,0.8773630682707365
chrome,43949,0.0,0.8773630682707365
chrome,43949,0.0,0.8773630682707365
chrome,43949,0.0,0.8773630682707365
chrome,43949,0.0,0.8773630682707365
chrome,43949,0.0,0.8773630682707365
chrome,43949,0.0,0.8773630682707365
chrome,43949,0.0,0.8773630682707365
chrome,43949,0.0,0.8773630682707365
chrome,43949,0.0,0.8773630682707365
chrome,43949,0.0,0.8773630682707365
chrome,43949,0.0,0.8773630682707365
gvfsd-http,45550,0.0,0.08287409731702491
uuidd,45984,0.0,0.007209652765406265
wnck-applet,46247,0.0,0.44338134191076956
chrome,58131,0.0,1.895105211717728
chrome,58131,0.0,1.895105211717728
chrome,58131,0.0,1.895105211717728
chrome,58131,0.0,1.895105211717728
chrome,58131,0.0,1.895105211717728
chrome,58131,0.0,1.895105211717728
chrome,58131,0.0,1.895105211717728
chrome,58131,0.0,1.895105211717728
chrome,58131,0.0,1.895105211717728
chrome,58131,0.0,1.895105211717728
chrome,58131,0.0,1.895105211717728
chrome,58131,0.0,1.895105211717728
chrome,58131,0.0,1.895105211717728
chrome,58131,0.0,1.895105211717728
chrome,58131,0.0,1.895105211717728
chrome,58131,0.0,1.895105211717728
chrome,58131,0.0,1.895105211717728
chrome,58131,0.0,1.895105211717728
chrome,58131,0.0,1.895105211717728
chrome,58131,0.0,1.895105211717728
chrome,58131,0.0,1.895105211717728
chrome,58131,0.0,1.895105211717728
chrome,58131,0.0,1.895105211717728
chrome,58131,0.0,1.895105211717728
chrome,58131,0.0,1.895105211717728
chrome,58131,0.0,1.895105211717728
chrome,58131,0.0,1.895105211717728
chrome,58131,0.0,1.895105211717728
chrome,58131,0.0,1.895105211717728
chrome,58131,0.0,1.895105211717728
chrome,58131,0.0,1.895105211717728
chrome,58131,0.0,1.895105211717728
chrome,58131,0.0,1.895105211717728
chrome,67191,0.0,2.3075317987517705
chrome,67191,0.0,2.3075317987517705
chrome,67191,0.0,2.3075317987517705
chrome,67191,0.0,2.3075317987517705
chrome,67191,0.0,2.3075317987517705
chrome,67191,0.0,2.3075317987517705
chrome,67191,0.0,2.3075317987517705
chrome,67191,0.0,2.3075317987517705
chrome,67191,0.0,2.3075317987517705
chrome,67191,0.0,2.3075317987517705
chrome,67191,0.0,2.3075317987517705
chrome,67191,0.0,2.3075317987517705
chrome,67191,0.0,2.3075317987517705
chrome,67191,0.0,2.3075317987517705
chrome,67191,0.0,2.3075317987517705
chrome,67191,0.0,2.3075317987517705
chrome,67191,0.0,2.3075317987517705
chrome,67191,0.0,2.3075317987517705
chrome,67191,0.0,2.3075317987517705
chrome,67191,0.0,2.3075317987517705
chrome,67191,0.0,2.3075317987517705
chrome,67191,0.0,2.3075317987517705
chrome,67191,0.0,2.3075317987517705
chrome,67191,0.0,2.3075317987517705
chrome,67191,0.0,2.3075317987517705
chrome,67191,0.0,2.3075317987517705
chrome,67191,0.0,2.3075317987517705
chrome,67191,0.0,2.3075317987517705
chrome,67191,0.0,2.3075317987517705
chrome,67191,0.0,2.3075317987517705
chrome,67191,0.0,2.3075317987517705
chrome,67191,0.0,2.3075317987517705
chrome,67191,0.0,2.3075317987517705
chrome,91557,0.0,1.1494597927753865
chrome,91557,0.0,1.1494597927753865
chrome,91557,0.0,1.1494597927753865
chrome,91557,0.0,1.1494597927753865
chrome,91557,0.0,1.1494597927753865
chrome,91557,0.0,1.1494597927753865
chrome,91557,0.0,1.1494597927753865
chrome,91557,0.0,1.1494597927753865
chrome,91557,0.0,1.1494597927753865
chrome,91557,0.0,1.1494597927753865
chrome,91557,0.0,1.1494597927753865
chrome,91557,0.0,1.1494597927753865
chrome,91557,0.0,1.1494597927753865
chrome,91557,0.0,1.1494597927753865
chrome,91557,0.0,1.1494597927753865
chrome,91557,0.0,1.1494597927753865
chrome,91557,0.0,1.1494597927753865
chrome,91557,0.0,1.1494597927753865
chrome,91557,0.0,1.1494597927753865
chrome,91557,0.0,1.1494597927753865
chrome,91557,0.0,1.1494597927753865
chrome,91557,0.0,1.1494597927753865
chrome,91557,0.0,1.1494597927753865
chrome,91557,0.0,1.1494597927753865
chrome,91557,0.0,1.1494597927753865
chrome,91557,0.0,1.1494597927753865
chrome,91557,0.0,1.1494597927753865
chrome,91557,0.0,1.1494597927753865
chrome,91557,0.0,1.1494597927753865
chrome,91557,0.0,1.1494597927753865
chrome,91557,0.0,1.1494597927753865
chrome,91557,0.0,1.1494597927753865
chrome,91557,0.0,1.1494597927753865
chrome,92793,0.0,1.1347698176868284
chrome,92793,0.0,1.1347698176868284
chrome,92793,0.0,1.1347698176868284
chrome,92793,0.0,1.1347698176868284
chrome,92793,0.0,1.1347698176868284
chrome,92793,0.0,1.1347698176868284
chrome,92793,0.0,1.1347698176868284
chrome,92793,0.0,1.1347698176868284
chrome,92793,0.0,1.1347698176868284
chrome,92793,0.0,1.1347698176868284
chrome,92793,0.0,1.1347698176868284
chrome,92793,0.0,1.1347698176868284
chrome,92793,0.0,1.1347698176868284
chrome,92793,0.0,1.1347698176868284
chrome,92793,0.0,1.1347698176868284
chrome,92793,0.0,1.1347698176868284
chrome,92793,0.0,1.1347698176868284
chrome,92793,0.0,1.1347698176868284
chrome,92793,0.0,1.1347698176868284
chrome,92793,0.0,1.1347698176868284
chrome,92793,0.0,1.1347698176868284
chrome,92793,0.0,1.1347698176868284
chrome,92793,0.0,1.1347698176868284
chrome,92793,0.0,1.1347698176868284
chrome,92793,0.0,1.1347698176868284
chrome,92793,0.0,1.1347698176868284
chrome,92793,0.0,1.1347698176868284
chrome,92793,0.0,1.1347698176868284
chrome,92793,0.0,1.1347698176868284
chrome,92793,0.0,1.1347698176868284
chrome,92793,0.0,1.1347698176868284
chrome,92793,0.0,1.1347698176868284
chrome,92793,0.0,1.1347698176868284
chrome,92799,0.0,1.1351881251851625
chrome,92799,0.0,1.1351881251851625
chrome,92799,0.0,1.1351881251851625
chrome,92799,0.0,1.1351881251851625
chrome,92799,0.0,1.1351881251851625
chrome,92799,0.0,1.1351881251851625
chrome,92799,0.0,1.1351881251851625
chrome,92799,0.0,1.1351881251851625
chrome,92799,0.0,1.1351881251851625
chrome,92799,0.0,1.1351881251851625
chrome,92799,0.0,1.1351881251851625
chrome,92799,0.0,1.1351881251851625
chrome,92799,0.0,1.1351881251851625
chrome,92799,0.0,1.1351881251851625
chrome,92799,0.0,1.1351881251851625
chrome,92799,0.0,1.1351881251851625
chrome,92799,0.0,1.1351881251851625
chrome,92799,0.0,1.1351881251851625
chrome,92799,0.0,1.1351881251851625
chrome,92799,0.0,1.1351881251851625
chrome,92799,0.0,1.1351881251851625
chrome,92799,0.0,1.1351881251851625
chrome,92799,0.0,1.1351881251851625
chrome,92799,0.0,1.1351881251851625
chrome,92799,0.0,1.1351881251851625
chrome,92799,0.0,1.1351881251851625
chrome,92799,0.0,1.1351881251851625
chrome,92799,0.0,1.1351881251851625
chrome,92799,0.0,1.1351881251851625
chrome,92799,0.0,1.1351881251851625
chrome,92799,0.0,1.1351881251851625
chrome,92799,0.0,1.1351881251851625
chrome,92799,0.0,1.1351881251851625
chrome,101428,0.0,0.6594740742855062
chrome,101428,0.0,0.6594740742855062
chrome,101428,0.0,0.6594740742855062
chrome,101428,0.0,0.6594740742855062
chrome,101428,0.0,0.6594740742855062
chrome,101428,0.0,0.6594740742855062
chrome,101428,0.0,0.6594740742855062
chrome,101428,0.0,0.6594740742855062
chrome,101428,0.0,0.6594740742855062
chrome,101428,0.0,0.6594740742855062
chrome,101428,0.0,0.6594740742855062
chrome,101428,0.0,0.6594740742855062
chrome,101428,0.0,0.6594740742855062
chrome,101428,0.0,0.6594740742855062
chrome,101428,0.0,0.6594740742855062
chrome,101428,0.0,0.6594740742855062
chrome,101428,0.0,0.6594740742855062
chrome,101428,0.0,0.6594740742855062
chrome,101428,0.0,0.6594740742855062
chrome,101428,0.0,0.6594740742855062
chrome,101428,0.0,0.6594740742855062
chrome,101428,0.0,0.6594740742855062
chrome,101428,0.0,0.6594740742855062
chrome,101428,0.0,0.6594740742855062
chrome,101428,0.0,0.6594740742855062
chrome,101428,0.0,0.6594740742855062
chrome,101428,0.0,0.6594740742855062
chrome,101428,0.0,0.6594740742855062
chrome,101428,0.0,0.6594740742855062
chrome,101428,0.0,0.6594740742855062
chrome,101428,0.0,0.6594740742855062
chrome,101428,0.0,0.6594740742855062
chrome,101428,0.0,0.6594740742855062
kworker/3:2-events,116064,0.0,0.0
kworker/u8:5-btrfs-endio-write,116295,0.0,0.0
mate-terminal,116887,0.0,0.28036444917760744
bash,116893,0.0,0.05462603801775395
bash,116893,0.0,0.05462603801775395
bash,116893,0.0,0.05462603801775395
bash,116893,0.0,0.05462603801775395
bash,116893,0.0,0.05462603801775395
bash,117474,0.0,0.0540846989022627
bash,117474,0.0,0.0540846989022627
bash,117474,0.0,0.0540846989022627
bash,117474,0.0,0.0540846989022627
chrome,120383,0.0,2.987872035307121
chrome,120383,0.0,2.987872035307121
chrome,120383,0.0,2.987872035307121
chrome,120383,0.0,2.987872035307121
chrome,120383,0.0,2.987872035307121
chrome,120383,0.0,2.987872035307121
chrome,120383,0.0,2.987872035307121
chrome,120383,0.0,2.987872035307121
chrome,120383,0.0,2.987872035307121
chrome,120383,0.0,2.987872035307121
chrome,120383,0.0,2.987872035307121
chrome,120383,0.0,2.987872035307121
chrome,120383,0.0,2.987872035307121
chrome,120383,0.0,2.987872035307121
chrome,120383,0.0,2.987872035307121
chrome,120383,0.0,2.987872035307121
chrome,120383,0.0,2.987872035307121
chrome,120383,0.0,2.987872035307121
chrome,120383,0.0,2.987872035307121
chrome,120383,0.0,2.987872035307121
chrome,120383,0.0,2.987872035307121
chrome,120383,0.0,2.987872035307121
chrome,120383,0.0,2.987872035307121
chrome,120383,0.0,2.987872035307121
chrome,120383,0.0,2.987872035307121
chrome,120383,0.0,2.987872035307121
chrome,120383,0.0,2.987872035307121
chrome,120383,0.0,2.987872035307121
chrome,120383,0.0,2.987872035307121
chrome,120383,0.0,2.987872035307121
chrome,120383,0.0,2.987872035307121
chrome,120383,0.0,2.987872035307121
chrome,120383,0.0,2.987872035307121
chrome,128902,0.0,1.6221472658929783
chrome,128902,0.0,1.6221472658929783
chrome,128902,0.0,1.6221472658929783
chrome,128902,0.0,1.6221472658929783
chrome,128902,0.0,1.6221472658929783
chrome,128902,0.0,1.6221472658929783
chrome,128902,0.0,1.6221472658929783
chrome,128902,0.0,1.6221472658929783
chrome,128902,0.0,1.6221472658929783
chrome,128902,0.0,1.6221472658929783
chrome,128902,0.0,1.6221472658929783
chrome,128902,0.0,1.6221472658929783
chrome,128902,0.0,1.6221472658929783
chrome,128902,0.0,1.6221472658929783
chrome,128902,0.0,1.6221472658929783
chrome,128902,0.0,1.6221472658929783
chrome,128902,0.0,1.6221472658929783
chrome,128902,0.0,1.6221472658929783
chrome,128902,0.0,1.6221472658929783
chrome,128902,0.0,1.6221472658929783
chrome,128902,0.0,1.6221472658929783
chrome,128902,0.0,1.6221472658929783
chrome,128902,0.0,1.6221472658929783
chrome,128902,0.0,1.6221472658929783
chrome,128902,0.0,1.6221472658929783
chrome,128902,0.0,1.6221472658929783
chrome,128902,0.0,1.6221472658929783
chrome,128902,0.0,1.6221472658929783
chrome,128902,0.0,1.6221472658929783
chrome,128902,0.0,1.6221472658929783
chrome,128902,0.0,1.6221472658929783
chrome,128902,0.0,1.6221472658929783
chrome,128902,0.0,1.6221472658929783
chrome,128928,0.0,0.671974086588668
chrome,128928,0.0,0.671974086588668
chrome,128928,0.0,0.671974086588668
chrome,128928,0.0,0.671974086588668
chrome,128928,0.0,0.671974086588668
chrome,128928,0.0,0.671974086588668
chrome,128928,0.0,0.671974086588668
chrome,128928,0.0,0.671974086588668
chrome,128928,0.0,0.671974086588668
chrome,128928,0.0,0.671974086588668
chrome,128928,0.0,0.671974086588668
chrome,128928,0.0,0.671974086588668
chrome,128928,0.0,0.671974086588668
chrome,128928,0.0,0.671974086588668
chrome,128928,0.0,0.671974086588668
chrome,128928,0.0,0.671974086588668
chrome,128928,0.0,0.671974086588668
chrome,128928,0.0,0.671974086588668
chrome,128928,0.0,0.671974086588668
chrome,128928,0.0,0.671974086588668
chrome,128928,0.0,0.671974086588668
chrome,128928,0.0,0.671974086588668
chrome,128928,0.0,0.671974086588668
chrome,128928,0.0,0.671974086588668
chrome,128928,0.0,0.671974086588668
chrome,128928,0.0,0.671974086588668
chrome,128928,0.0,0.671974086588668
chrome,128928,0.0,0.671974086588668
chrome,128928,0.0,0.671974086588668
chrome,128928,0.0,0.671974086588668
chrome,128928,0.0,0.671974086588668
chrome,128928,0.0,0.671974086588668
chrome,128928,0.0,0.671974086588668
bash,129364,0.0,0.05433076213657691
bash,129364,0.0,0.05433076213657691
bash,129364,0.0,0.05433076213657691
bash,129364,0.0,0.05433076213657691
bash,129364,0.0,0.05433076213657691
codium,129585,0.0,0.3137306237506139
codium,129585,0.0,0.3137306237506139
codium,129585,0.0,0.3137306237506139
codium,129585,0.0,0.3137306237506139
codium,129585,0.0,0.3137306237506139
codium,129585,0.0,0.3137306237506139
codium,129585,0.0,0.3137306237506139
codium,129585,0.0,0.3137306237506139
codium,129585,0.0,0.3137306237506139
codium,129585,0.0,0.3137306237506139
codium,129585,0.0,0.3137306237506139
codium,129585,0.0,0.3137306237506139
codium,129585,0.0,0.3137306237506139
codium,129586,0.0,0.31535464109708766
codium,129586,0.0,0.31535464109708766
codium,129586,0.0,0.31535464109708766
codium,129586,0.0,0.31535464109708766
codium,129586,0.0,0.31535464109708766
codium,129586,0.0,0.31535464109708766
codium,129586,0.0,0.31535464109708766
codium,129586,0.0,0.31535464109708766
codium,129586,0.0,0.31535464109708766
codium,129586,0.0,0.31535464109708766
codium,129586,0.0,0.31535464109708766
codium,129586,0.0,0.31535464109708766
codium,129586,0.0,0.31535464109708766
codium,129588,0.0,0.0647884495949307
codium,129588,0.0,0.0647884495949307
codium,129588,0.0,0.0647884495949307
codium,129588,0.0,0.0647884495949307
codium,129588,0.0,0.0647884495949307
codium,129588,0.0,0.0647884495949307
codium,129588,0.0,0.0647884495949307
codium,129588,0.0,0.0647884495949307
codium,129588,0.0,0.0647884495949307
codium,129588,0.0,0.0647884495949307
codium,129588,0.0,0.0647884495949307
codium,129588,0.0,0.0647884495949307
codium,129588,0.0,0.0647884495949307
codium,129619,0.0,0.45829277391021056
codium,129619,0.0,0.45829277391021056
codium,129619,0.0,0.45829277391021056
codium,129619,0.0,0.45829277391021056
codium,129619,0.0,0.45829277391021056
codium,129619,0.0,0.45829277391021056
codium,129619,0.0,0.45829277391021056
codium,129619,0.0,0.45829277391021056
codium,129619,0.0,0.45829277391021056
codium,129619,0.0,0.45829277391021056
codium,129619,0.0,0.45829277391021056
codium,129619,0.0,0.45829277391021056
codium,129619,0.0,0.45829277391021056
codium,129669,0.0,0.6181846635675823
codium,129669,0.0,0.6181846635675823
codium,129669,0.0,0.6181846635675823
codium,129669,0.0,0.6181846635675823
codium,129669,0.0,0.6181846635675823
codium,129669,0.0,0.6181846635675823
codium,129669,0.0,0.6181846635675823
codium,129669,0.0,0.6181846635675823
codium,129669,0.0,0.6181846635675823
codium,129669,0.0,0.6181846635675823
codium,129669,0.0,0.6181846635675823
codium,129669,0.0,0.6181846635675823
codium,129669,0.0,0.6181846635675823
codium,129759,0.0,0.5164621225020891
codium,129759,0.0,0.5164621225020891
codium,129759,0.0,0.5164621225020891
codium,129759,0.0,0.5164621225020891
codium,129759,0.0,0.5164621225020891
codium,129759,0.0,0.5164621225020891
codium,129759,0.0,0.5164621225020891
codium,129759,0.0,0.5164621225020891
codium,129759,0.0,0.5164621225020891
codium,129759,0.0,0.5164621225020891
codium,129759,0.0,0.5164621225020891
codium,129759,0.0,0.5164621225020891
codium,129759,0.0,0.5164621225020891
TabNine,129794,0.0,0.5684552839126811
TabNine,129794,0.0,0.5684552839126811
TabNine-deep-local,129947,0.0,3.6319425511245584
bash,130016,0.0,0.054749069634911066
bash,130016,0.0,0.054749069634911066
bash,130016,0.0,0.054749069634911066
bash,130016,0.0,0.054749069634911066
bash,130016,0.0,0.054749069634911066
bash,130039,0.0,0.054010879931968445
bash,130039,0.0,0.054010879931968445
bash,130039,0.0,0.054010879931968445
bash,130039,0.0,0.054010879931968445
bash,130039,0.0,0.054010879931968445
bash,130046,0.0,0.05974415329148946
bash,130046,0.0,0.05974415329148946
bash,130046,0.0,0.05974415329148946
bash,130046,0.0,0.05974415329148946
bash,130046,0.0,0.05974415329148946
python,130478,0.0,0.17942931046191973
python,130478,0.0,0.17942931046191973
python,130478,0.0,0.17942931046191973
python,130478,0.0,0.17942931046191973
python,130478,0.0,0.17942931046191973
python,130478,0.0,0.17942931046191973
kworker/u8:7-btrfs-endio-write,131189,0.0,0.0
sleep,132278,0.0,0.00666831364991501
bash,134646,0.0,0.05516737713324522
bash,134646,0.0,0.05516737713324522
bash,134646,0.0,0.05516737713324522
bash,134646,0.0,0.05516737713324522
bash,134646,0.0,0.05516737713324522
chrome,137019,0.0,0.45096008952764716
chrome,137019,0.0,0.45096008952764716
chrome,137019,0.0,0.45096008952764716
chrome,137019,0.0,0.45096008952764716
chrome,137019,0.0,0.45096008952764716
chrome,137019,0.0,0.45096008952764716
chrome,137019,0.0,0.45096008952764716
chrome,137019,0.0,0.45096008952764716
chrome,137019,0.0,0.45096008952764716
chrome,137019,0.0,0.45096008952764716
chrome,137019,0.0,0.45096008952764716
chrome,137019,0.0,0.45096008952764716
chrome,137019,0.0,0.45096008952764716
chrome,137019,0.0,0.45096008952764716
chrome,137019,0.0,0.45096008952764716
chrome,137019,0.0,0.45096008952764716
chrome,137019,0.0,0.45096008952764716
chrome,137019,0.0,0.45096008952764716
chrome,137019,0.0,0.45096008952764716
chrome,137019,0.0,0.45096008952764716
chrome,137019,0.0,0.45096008952764716
chrome,137019,0.0,0.45096008952764716
chrome,137019,0.0,0.45096008952764716
chrome,137019,0.0,0.45096008952764716
chrome,137019,0.0,0.45096008952764716
chrome,137019,0.0,0.45096008952764716
chrome,137019,0.0,0.45096008952764716
chrome,137019,0.0,0.45096008952764716
chrome,137019,0.0,0.45096008952764716
chrome,137019,0.0,0.45096008952764716
chrome,137019,0.0,0.45096008952764716
chrome,137019,0.0,0.45096008952764716
chrome,137019,0.0,0.45096008952764716
brave-browser-s,139258,0.0,0.020201791537196395
cat,139264,0.0,0.00349409792726174
cat,139264,0.0,0.00349409792726174
cat,139264,0.0,0.00349409792726174
cat,139264,0.0,0.00349409792726174
cat,139265,0.0,0.003100396752359008
cat,139265,0.0,0.003100396752359008
cat,139265,0.0,0.003100396752359008
cat,139265,0.0,0.003100396752359008
chrome_crashpad_handler,139268,0.0,0.020497067418373444
chrome_crashpad_handler,139268,0.0,0.020497067418373444
chrome_crashpad_handler,139268,0.0,0.020497067418373444
chrome_crashpad_handler,139268,0.0,0.020497067418373444
chrome_crashpad_handler,139268,0.0,0.020497067418373444
chrome_crashpad_handler,139270,0.0,0.01862698683758547
chrome_crashpad_handler,139270,0.0,0.01862698683758547
chrome_crashpad_handler,139270,0.0,0.01862698683758547
chrome_crashpad_handler,139270,0.0,0.01862698683758547
chrome_crashpad_handler,139270,0.0,0.01862698683758547
brave,139276,0.0,0.42694431785858056
brave,139276,0.0,0.42694431785858056
brave,139276,0.0,0.42694431785858056
brave,139276,0.0,0.42694431785858056
brave,139276,0.0,0.42694431785858056
brave,139276,0.0,0.42694431785858056
brave,139276,0.0,0.42694431785858056
brave,139276,0.0,0.42694431785858056
brave,139276,0.0,0.42694431785858056
brave,139276,0.0,0.42694431785858056
brave,139276,0.0,0.42694431785858056
brave,139276,0.0,0.42694431785858056
brave,139277,0.0,0.42687049888828626
brave,139277,0.0,0.42687049888828626
brave,139277,0.0,0.42687049888828626
brave,139277,0.0,0.42687049888828626
brave,139277,0.0,0.42687049888828626
brave,139277,0.0,0.42687049888828626
brave,139277,0.0,0.42687049888828626
brave,139277,0.0,0.42687049888828626
brave,139277,0.0,0.42687049888828626
brave,139277,0.0,0.42687049888828626
brave,139277,0.0,0.42687049888828626
brave,139277,0.0,0.42687049888828626
brave,139279,0.0,0.11112215661629589
brave,139279,0.0,0.11112215661629589
brave,139279,0.0,0.11112215661629589
brave,139279,0.0,0.11112215661629589
brave,139279,0.0,0.11112215661629589
brave,139279,0.0,0.11112215661629589
brave,139279,0.0,0.11112215661629589
brave,139279,0.0,0.11112215661629589
brave,139279,0.0,0.11112215661629589
brave,139279,0.0,0.11112215661629589
brave,139279,0.0,0.11112215661629589
brave,139279,0.0,0.11112215661629589
brave,139302,0.0,0.7326532801705514
brave,139302,0.0,0.7326532801705514
brave,139302,0.0,0.7326532801705514
brave,139302,0.0,0.7326532801705514
brave,139302,0.0,0.7326532801705514
brave,139302,0.0,0.7326532801705514
brave,139302,0.0,0.7326532801705514
brave,139302,0.0,0.7326532801705514
brave,139302,0.0,0.7326532801705514
brave,139302,0.0,0.7326532801705514
brave,139302,0.0,0.7326532801705514
brave,139302,0.0,0.7326532801705514
brave,139333,0.0,0.3453497493599895
brave,139333,0.0,0.3453497493599895
brave,139333,0.0,0.3453497493599895
brave,139333,0.0,0.3453497493599895
brave,139333,0.0,0.3453497493599895
brave,139333,0.0,0.3453497493599895
brave,139333,0.0,0.3453497493599895
brave,139333,0.0,0.3453497493599895
brave,139333,0.0,0.3453497493599895
brave,139333,0.0,0.3453497493599895
brave,139333,0.0,0.3453497493599895
brave,139333,0.0,0.3453497493599895
brave,139354,0.0,0.5307337900923131
brave,139354,0.0,0.5307337900923131
brave,139354,0.0,0.5307337900923131
brave,139354,0.0,0.5307337900923131
brave,139354,0.0,0.5307337900923131
brave,139354,0.0,0.5307337900923131
brave,139354,0.0,0.5307337900923131
brave,139354,0.0,0.5307337900923131
brave,139354,0.0,0.5307337900923131
brave,139354,0.0,0.5307337900923131
brave,139354,0.0,0.5307337900923131
brave,139354,0.0,0.5307337900923131
brave,139379,0.0,0.45152603496656984
brave,139379,0.0,0.45152603496656984
brave,139379,0.0,0.45152603496656984
brave,139379,0.0,0.45152603496656984
brave,139379,0.0,0.45152603496656984
brave,139379,0.0,0.45152603496656984
brave,139379,0.0,0.45152603496656984
brave,139379,0.0,0.45152603496656984
brave,139379,0.0,0.45152603496656984
brave,139379,0.0,0.45152603496656984
brave,139379,0.0,0.45152603496656984
brave,139379,0.0,0.45152603496656984
brave,139416,0.0,0.7235981531477885
brave,139416,0.0,0.7235981531477885
brave,139416,0.0,0.7235981531477885
brave,139416,0.0,0.7235981531477885
brave,139416,0.0,0.7235981531477885
brave,139416,0.0,0.7235981531477885
brave,139416,0.0,0.7235981531477885
brave,139416,0.0,0.7235981531477885
brave,139416,0.0,0.7235981531477885
brave,139416,0.0,0.7235981531477885
brave,139416,0.0,0.7235981531477885
brave,139416,0.0,0.7235981531477885
kworker/0:0-events,140863,0.0,0.0
chrome,141114,0.0,0.807259652814619
chrome,141114,0.0,0.807259652814619
chrome,141114,0.0,0.807259652814619
chrome,141114,0.0,0.807259652814619
chrome,141114,0.0,0.807259652814619
chrome,141114,0.0,0.807259652814619
chrome,141114,0.0,0.807259652814619
chrome,141114,0.0,0.807259652814619
chrome,141114,0.0,0.807259652814619
chrome,141114,0.0,0.807259652814619
chrome,141114,0.0,0.807259652814619
chrome,141114,0.0,0.807259652814619
chrome,141114,0.0,0.807259652814619
chrome,141114,0.0,0.807259652814619
chrome,141114,0.0,0.807259652814619
chrome,141114,0.0,0.807259652814619
chrome,141114,0.0,0.807259652814619
chrome,141114,0.0,0.807259652814619
chrome,141114,0.0,0.807259652814619
chrome,141114,0.0,0.807259652814619
chrome,141114,0.0,0.807259652814619
chrome,141114,0.0,0.807259652814619
chrome,141114,0.0,0.807259652814619
chrome,141114,0.0,0.807259652814619
chrome,141114,0.0,0.807259652814619
chrome,141114,0.0,0.807259652814619
chrome,141114,0.0,0.807259652814619
chrome,141114,0.0,0.807259652814619
chrome,141114,0.0,0.807259652814619
chrome,141114,0.0,0.807259652814619
chrome,141114,0.0,0.807259652814619
chrome,141114,0.0,0.807259652814619
chrome,141114,0.0,0.807259652814619
chrome,141115,0.0,0.565182642896302
chrome,141115,0.0,0.565182642896302
chrome,141115,0.0,0.565182642896302
chrome,141115,0.0,0.565182642896302
chrome,141115,0.0,0.565182642896302
chrome,141115,0.0,0.565182642896302
chrome,141115,0.0,0.565182642896302
chrome,141115,0.0,0.565182642896302
chrome,141115,0.0,0.565182642896302
chrome,141115,0.0,0.565182642896302
chrome,141115,0.0,0.565182642896302
chrome,141115,0.0,0.565182642896302
chrome,141115,0.0,0.565182642896302
chrome,141115,0.0,0.565182642896302
chrome,141115,0.0,0.565182642896302
chrome,141115,0.0,0.565182642896302
chrome,141115,0.0,0.565182642896302
chrome,141115,0.0,0.565182642896302
chrome,141115,0.0,0.565182642896302
chrome,141115,0.0,0.565182642896302
chrome,141115,0.0,0.565182642896302
chrome,141115,0.0,0.565182642896302
chrome,141115,0.0,0.565182642896302
chrome,141115,0.0,0.565182642896302
chrome,141115,0.0,0.565182642896302
chrome,141115,0.0,0.565182642896302
chrome,141115,0.0,0.565182642896302
chrome,141115,0.0,0.565182642896302
chrome,141115,0.0,0.565182642896302
chrome,141115,0.0,0.565182642896302
chrome,141115,0.0,0.565182642896302
chrome,141115,0.0,0.565182642896302
chrome,141115,0.0,0.565182642896302
chrome,141119,0.0,0.5861472304598725
chrome,141119,0.0,0.5861472304598725
chrome,141119,0.0,0.5861472304598725
chrome,141119,0.0,0.5861472304598725
chrome,141119,0.0,0.5861472304598725
chrome,141119,0.0,0.5861472304598725
chrome,141119,0.0,0.5861472304598725
chrome,141119,0.0,0.5861472304598725
chrome,141119,0.0,0.5861472304598725
chrome,141119,0.0,0.5861472304598725
chrome,141119,0.0,0.5861472304598725
chrome,141119,0.0,0.5861472304598725
chrome,141119,0.0,0.5861472304598725
chrome,141119,0.0,0.5861472304598725
chrome,141119,0.0,0.5861472304598725
chrome,141119,0.0,0.5861472304598725
chrome,141119,0.0,0.5861472304598725
chrome,141119,0.0,0.5861472304598725
chrome,141119,0.0,0.5861472304598725
chrome,141119,0.0,0.5861472304598725
chrome,141119,0.0,0.5861472304598725
chrome,141119,0.0,0.5861472304598725
chrome,141119,0.0,0.5861472304598725
chrome,141119,0.0,0.5861472304598725
chrome,141119,0.0,0.5861472304598725
chrome,141119,0.0,0.5861472304598725
chrome,141119,0.0,0.5861472304598725
chrome,141119,0.0,0.5861472304598725
chrome,141119,0.0,0.5861472304598725
chrome,141119,0.0,0.5861472304598725
chrome,141119,0.0,0.5861472304598725
chrome,141119,0.0,0.5861472304598725
chrome,141119,0.0,0.5861472304598725
brave,141203,0.0,0.53622100021752
brave,141203,0.0,0.53622100021752
brave,141203,0.0,0.53622100021752
brave,141203,0.0,0.53622100021752
brave,141203,0.0,0.53622100021752
brave,141203,0.0,0.53622100021752
brave,141203,0.0,0.53622100021752
brave,141203,0.0,0.53622100021752
brave,141203,0.0,0.53622100021752
brave,141203,0.0,0.53622100021752
brave,141203,0.0,0.53622100021752
brave,141203,0.0,0.53622100021752
brave,141274,0.0,0.677067595538972
brave,141274,0.0,0.677067595538972
brave,141274,0.0,0.677067595538972
brave,141274,0.0,0.677067595538972
brave,141274,0.0,0.677067595538972
brave,141274,0.0,0.677067595538972
brave,141274,0.0,0.677067595538972
brave,141274,0.0,0.677067595538972
brave,141274,0.0,0.677067595538972
brave,141274,0.0,0.677067595538972
brave,141274,0.0,0.677067595538972
brave,141274,0.0,0.677067595538972
